sample,freq1,freq2,freq3,freq4,freq5,freq6,freq7,freq8,freq9,freq10,pow1,pow2,pow3,pow4,pow5,pow6,pow7,pow8,pow9,pow10,total,precise
A1,0.0019723865877712033,0.007889546351084813,0.009861932938856016,0.00591715976331361,0.01183431952662722,0.013806706114398423,0.015779092702169626,0.01775147928994083,0.01972386587771203,0.0039447731755424065,0.8470306095028276,0.6921499651941844,0.6676339924365682,0.6622365682593997,0.6605743448032206,0.6569988536543024,0.6502923879773641,0.6467639186899787,0.6424115099504678,0.6405518718027805,3220899,90
B1,0.1,0.2,0.30000000000000004,0.4,0.0,0.0,0.0,0.0,0.0,0.0,0.4383759534998055,0.36586973942040896,0.3142181763643543,0.2868577997372433,0.0,0.0,0.0,0.0,0.0,0.0,8314173,90
A1,0.0019723865877712033,0.007889546351084813,0.009861932938856016,0.00591715976331361,0.01183431952662722,0.013806706114398423,0.015779092702169626,0.01775147928994083,0.01972386587771203,0.0039447731755424065,0.8470306095028276,0.6921499651941844,0.6676339924365682,0.6622365682593997,0.6605743448032206,0.6569988536543024,0.6502923879773641,0.6467639186899787,0.6424115099504678,0.6405518718027805,3220899,95
B1,0.1,0.2,0.30000000000000004,0.4,0.0,0.0,0.0,0.0,0.0,0.0,0.4383759534998055,0.36586973942040896,0.3142181763643543,0.2868577997372433,0.0,0.0,0.0,0.0,0.0,0.0,8314173,95
A1,0.0019723865877712033,0.007889546351084813,0.009861932938856016,0.00591715976331361,0.01183431952662722,0.013806706114398423,0.015779092702169626,0.01775147928994083,0.01972386587771203,0.0039447731755424065,0.8470306095028276,0.6921499651941844,0.6676339924365682,0.6622365682593997,0.6605743448032206,0.6569988536543024,0.6502923879773641,0.6467639186899787,0.6424115099504678,0.6405518718027805,3220899,99
B1,0.1,0.2,0.30000000000000004,0.4,0.0,0.0,0.0,0.0,0.0,0.0,0.4383759534998055,0.36586973942040896,0.3142181763643543,0.2868577997372433,0.0,0.0,0.0,0.0,0.0,0.0,8314173,99
