sample,freq1,freq2,freq3,freq4,freq5,freq6,freq7,freq8,freq9,freq10,pow1,pow2,pow3,pow4,pow5,pow6,pow7,pow8,pow9,pow10,total,precise
demo1,0.02857142857142857,0.22857142857142856,0.17142857142857143,0.11428571428571428,0.2571428571428571,0.2857142857142857,0.45714285714285713,0.3142857142857143,0.05714285714285714,0.34285714285714286,0.38655458609153776,0.1765492276076978,0.17119297001767628,0.16078015447883826,0.15118865060897538,0.15043112953837473,0.13612274197253812,0.12990693426784194,0.127576814960225,0.1271119271627481,421,95
demo2,0.018518518518518517,0.07407407407407407,0.1111111111111111,0.037037037037037035,0.05555555555555555,0.2037037037037037,0.2222222222222222,0.09259259259259259,0.14814814814814814,0.12962962962962962,0.6188159870124964,0.5890717957105155,0.56118491889079,0.5483209381697555,0.5344211259889547,0.5274402043774414,0.5201069945510286,0.519750963991241,0.515170363344899,0.5132038442523847,444,95
demo3,0.03333333333333333,0.06666666666666667,0.1,0.13333333333333333,0.23333333333333334,0.16666666666666666,0.2,0.36666666666666664,0.26666666666666666,0.3333333333333333,0.7433336338155248,0.4919698755079053,0.3082842917569737,0.20256329572062146,0.19466694898036457,0.19411044919417106,0.1849552883732377,0.16872754572524448,0.16010675161772006,0.14462224626814693,1151,95
demo4,0.03225806451612903,0.06451612903225806,0.0967741935483871,0.12903225806451613,0.16129032258064516,0.1935483870967742,0.25806451612903225,0.22580645161290322,0.4838709677419355,0.29032258064516125,0.6851604938611531,0.4665830831871883,0.3644595538674207,0.2822628406152633,0.23876645615700307,0.2155955883044076,0.19649396907212865,0.18971052881814285,0.17456184422266874,0.17350576875718676,1203,95
